dates,gwo1,gwo2,gwo_phase,gwo_amp
1958-03-02,-0.128,-0.948,1,0.956602320716399
1958-04-18,0.262,-1.03,8,1.06280007527286
1958-04-19,0.098,-1.592,8,1.59501347956687
1958-04-20,-0.144,-2.104,1,2.10892199950591
1958-04-21,-0.432,-2.384,1,2.42282479762776
1958-04-22,-0.738,-2.284,1,2.40027081805366
1958-04-23,-1.004,-1.872,1,2.12424104093674
1958-04-24,-1.21,-1.242,1,1.73397347153871
1958-04-25,-1.318,-0.538,2,1.42357577950736
1958-05-30,0.658,-0.802,8,1.03738517436871
1958-06-11,-0.018,-1.388,1,1.38811670979064
1958-06-12,-0.2,-1.608,1,1.62039007649393
1958-06-13,-0.43,-1.94,1,1.98708328964842
1958-06-14,-0.682,-1.872,1,1.99236241683083
1958-06-15,-0.896,-1.47,1,1.72154465524424
1958-06-16,-1.054,-1.012,2,1.46118445105332
1958-06-17,-1.148,-0.36,2,1.20312260389372
1959-03-18,-1.132,-1.046,2,1.54127868991951
1959-03-19,-1.244,-0.618,2,1.38905003509593
1959-03-20,-1.286,-0.086,2,1.28887237537314
1959-06-06,0.206,-1.08,8,1.09947078178549
1959-06-07,0.066,-1.022,8,1.02412889813734
1960-03-16,0.644,-0.804,8,1.03012232283356
1960-03-25,-0.054,-1.046,1,1.04739295395759
1960-03-26,-0.186,-1.014,1,1.03091803747922
1960-05-19,-0.952,-0.848,2,1.27491489912072
1960-05-20,-1.05,-0.634,2,1.22656267675158
1960-06-07,-0.758,-0.584,2,0.956880347796944
1960-06-09,-0.874,-0.394,2,0.958703290909132
1960-06-10,-0.922,-0.348,2,0.985488711249398
1960-06-11,-0.962,-0.344,2,1.02165551924315
1960-06-12,-1.008,-0.326,2,1.05940549366142
1960-06-13,-1.046,-0.328,2,1.09622078068243
1960-06-14,-1.1,-0.59,2,1.24823875921236
1960-06-15,-1.2,-0.888,2,1.49283086784806
1960-06-16,-1.326,-1.03,2,1.67904020202019
1960-06-17,-1.468,-1.292,2,1.95557868673188
1960-06-18,-1.658,-1.62,2,2.3180517681881
1960-06-19,-1.874,-1.664,2,2.50614684326358
1960-06-20,-2.074,-1.448,2,2.52946239347416
1960-06-21,-2.234,-0.988,2,2.44272388943163
1960-06-22,-2.318,-0.29,2,2.33607020442452
1961-03-22,-0.262,-0.918,1,0.954655958971608
1961-04-04,-1.412,-1.12,2,1.80226080243676
1961-04-05,-1.514,-0.44,2,1.57664073269721
1961-06-10,-0.09,-0.948,1,0.952262568832777
1962-05-26,0.92,-0.268,7,0.958240053431289
1962-05-27,0.86,-0.724,7,1.12417792186113
1962-05-28,0.738,-1.138,8,1.35635098702364
1962-05-29,0.578,-1.292,8,1.41539676416191
1962-05-30,0.408,-1.446,8,1.50245798610144
1962-05-31,0.206,-1.706,8,1.71839227186344
1962-06-01,-0.016,-1.606,1,1.60607969914323
1962-06-02,-0.196,-1.25,1,1.26527309305146
1962-06-03,-0.34,-1.07,1,1.12271991164315
1963-04-02,-0.936,-0.934,2,1.32229043708256
1963-04-03,-1.04,-0.742,2,1.27756174019106
1963-04-04,-1.122,-0.542,2,1.24605296837655
1963-04-05,-1.172,-0.166,2,1.18369759651695
1963-06-04,0.558,-0.808,8,0.981951118946356
1963-06-05,0.436,-1.05,8,1.13692392005798
1963-06-06,0.294,-1.164,8,1.20055487171557
1963-06-07,0.138,-1.302,8,1.30929293895598
1963-06-08,-0.04,-1.49,1,1.49053681604984
1963-06-09,-0.236,-1.498,1,1.51647617851386
1963-06-10,-0.414,-1.304,1,1.36814180551579
1963-06-11,-0.568,-1.104,1,1.24154742156713
1963-06-12,-0.696,-0.906,1,1.142476257959
1963-06-13,-0.794,-0.572,2,0.97858060475364
1964-03-28,-0.988,-0.746,2,1.23800646201868
1964-03-29,-1.048,-0.158,2,1.05984338465643
1964-04-05,-1.646,-1.428,2,2.17910532099759
1964-04-06,-1.81,-1.148,2,2.14336277843953
1964-04-07,-1.938,-0.8,2,2.0966268146716
1964-04-08,-2.016,-0.426,2,2.06051741074906
1964-04-09,-2.054,-0.23,2,2.06683719726543
1964-04-10,-2.08,-0.19,2,2.08865985742054
1964-04-11,-2.104,-0.152,2,2.10948334906915
1964-04-12,-2.116,-0.016,2,2.11606049062875
1964-05-08,-0.888,-0.502,2,1.02007254643971
1964-06-04,0.386,-0.976,8,1.04955800220855
1964-06-05,0.244,-1.224,8,1.24808333055129
1964-06-06,0.08,-1.326,8,1.32841108095348
1964-06-07,-0.092,-1.428,1,1.43096051657619
1964-06-08,-0.284,-1.57,1,1.59547986511896
1964-06-09,-0.488,-1.6,1,1.67276537506011
1964-06-10,-0.684,-1.382,1,1.54200518805872
1964-06-11,-0.836,-0.972,1,1.28206084099001
1964-06-12,-0.936,-0.626,2,1.12604262796752
1964-06-13,-0.998,-0.344,2,1.05562303877852
1965-04-06,-1.416,-1.07,2,1.77481153929086
1965-04-07,-1.516,-0.54,2,1.60930295469809
1965-04-08,-1.564,-0.326,2,1.59761447164202
1965-04-09,-1.606,-0.354,2,1.64455221869055
1965-04-10,-1.652,-0.306,2,1.6801011874289
1965-04-11,-1.686,-0.302,2,1.71283390905248
1965-04-12,-1.732,-0.452,2,1.79000782121196
1965-04-13,-1.794,-0.412,2,1.84070095344138
1965-04-14,-1.83,-0.148,2,1.83597494536282
1965-06-03,-0.82,-0.67,2,1.0589145385724
1965-06-04,-0.888,-0.454,2,0.997326426001036
1965-06-25,-1.022,-0.956,2,1.39943560051901
1965-06-26,-1.124,-0.624,2,1.28559402612178
1965-06-27,-1.18,-0.274,2,1.21139423805795
1965-06-28,-1.2,-0.136,2,1.2076820773697
1965-06-29,-1.22,-0.13,2,1.22690667941779
1965-06-30,-1.238,-0.172,2,1.24989119526461
1966-03-01,-1.576,-0.982,2,1.85690602885553
1966-03-02,-1.692,-0.768,2,1.85814100649009
1966-03-03,-1.768,-0.494,2,1.8357178432428
1966-03-04,-1.812,-0.104,2,1.81498209357558
1966-05-09,0.752,-0.68,7,1.01385600555503
1966-05-10,0.636,-1.114,8,1.28276732106801
1966-05-22,-0.052,-1.278,1,1.27905746547995
1966-05-23,-0.23,-1.388,1,1.40692714807839
1966-05-24,-0.388,-1.008,1,1.08009629200363
1966-06-14,-1.36,-0.908,2,1.635256554795
1966-06-15,-1.424,-0.068,2,1.42562267097574
1967-03-30,-0.894,-0.558,2,1.05385008421502
1967-03-31,-0.98,-0.636,2,1.16828763581577
1967-06-03,-0.316,-0.942,1,0.99358945243999
1967-06-04,-0.438,-0.862,1,0.966896064734985
1967-06-07,-0.71,-0.79,1,1.0621675950621
1967-06-08,-0.828,-1.078,1,1.35928952030095
1967-06-09,-0.988,-1.45,1,1.75460650859388
1967-06-10,-1.192,-1.624,1,2.01450738395271
1967-06-11,-1.4,-1.676,1,2.1837985255055
1967-06-12,-1.612,-1.538,2,2.22800089766589
1967-06-13,-1.776,-0.928,2,2.00383632066095
1967-06-14,-1.846,-0.208,2,1.85768135050121
1968-04-25,-0.68,-0.68,2,0.961665222413705
1968-06-16,-1,-0.68,2,1.20929731662648
1968-06-17,-1.06,-0.434,2,1.14540647806794
1968-06-18,-1.116,-0.416,2,1.19101301420262
1968-06-19,-1.158,-0.144,2,1.1669190203266
1969-03-07,2.128,-0.264,7,2.14431340992869
1969-03-08,2.088,-0.218,7,2.09934942303562
1969-03-09,2.074,-0.124,7,2.07770353996907
1969-03-10,2.042,-0.448,7,2.09056643042023
1969-03-11,1.95,-1.042,7,2.21094188073771
1969-03-12,1.778,-1.556,7,2.36271454052325
1969-03-13,1.558,-1.896,8,2.45401303990015
1969-03-21,0.796,-0.908,8,1.20750983432848
1969-06-05,1.546,-0.128,7,1.55128978595232
1969-06-06,1.508,-0.45,7,1.57371026558258
1969-06-07,1.432,-0.724,7,1.60461833468274
1969-06-08,1.318,-1.184,7,1.77171668163959
1969-06-09,1.13,-1.684,8,2.02799309663519
1969-06-24,0.038,-1.026,8,1.02670346254408
1970-03-03,1.398,-0.092,7,1.40102391128774
1970-03-04,1.372,-0.344,7,1.41446809790819
1970-03-05,1.316,-0.46,7,1.39407890737935
1970-03-06,1.256,-0.554,7,1.37275343743878
1970-03-07,1.166,-0.922,7,1.48648578869762
1970-03-08,1.024,-1.224,8,1.59585462997104
1970-03-14,0.486,-0.96,8,1.07600929364016
1970-03-15,0.342,-1.176,8,1.22472037624921
1970-03-16,0.19,-1.25,8,1.26435754436789
1970-03-17,0.028,-1.22,8,1.22032126917464
1970-04-23,-0.93,-0.81,2,1.23328828746567
1970-04-24,-0.99,-0.182,2,1.00659028407789
1970-05-29,-1.672,-1.142,2,2.02478344521087
1970-05-30,-1.756,-0.052,2,1.75676976294562
1971-05-16,0.224,-1.136,8,1.15787391368836
1971-05-17,0.08,-1.016,8,1.01914473947521
1971-06-13,-0.588,-1.206,1,1.34170786686223
1971-06-14,-0.744,-1.164,1,1.3814600971436
1971-06-15,-0.884,-1.09,1,1.40340870739781
1971-06-16,-1.02,-0.954,2,1.39660874979358
1971-06-17,-1.116,-0.462,2,1.20784932835184
1972-03-19,-0.258,-1.076,1,1.10649898328015
1972-03-20,-0.406,-1.162,1,1.23088585985866
1972-03-21,-0.552,-1.126,1,1.25402551808167
1972-03-22,-0.696,-1.126,1,1.32374166664044
1972-03-23,-0.834,-0.892,1,1.22115519079272
1972-03-24,-0.918,-0.494,2,1.0424778175098
1972-03-25,-0.962,-0.186,2,0.97981630931517
1972-04-12,0.454,-0.9,8,1.00802579332079
1972-04-13,0.306,-1.296,8,1.33163508514908
1972-04-14,0.134,-1.384,8,1.39047186235465
1972-04-15,-0.04,-1.268,1,1.26863075794338
1972-04-16,-0.186,-0.958,1,0.975889337988688
1972-06-14,0.604,-0.794,8,0.997623175352297
1972-06-15,0.492,-0.988,8,1.10372460333183
1972-06-16,0.36,-0.914,8,0.982342099270921
1973-04-06,-0.858,-0.63,2,1.06445479002163
1973-04-07,-0.93,-0.462,2,1.03843343551717
1973-04-08,-0.98,-0.392,2,1.05549230219836
1973-04-09,-1.032,-0.36,2,1.09298856352663
1973-04-10,-1.068,-0.238,2,1.09419742277159
1973-04-11,-1.09,-0.032,2,1.0904696236026
1973-06-17,0.542,-0.848,8,1.0064134339326
1973-06-18,0.4,-1.356,8,1.41376660025621
1973-06-19,0.208,-1.526,8,1.54011038565422
1973-06-20,0.022,-1.38,8,1.38017535117825
1973-06-21,-0.146,-1.318,1,1.32606183867872
1973-06-22,-0.314,-1.22,1,1.25976029465927
1973-06-23,-0.458,-1.14,1,1.2285617607593
1973-06-24,-0.606,-1.084,1,1.24189049436736
1973-06-25,-0.732,-0.862,1,1.1308704611935
1973-06-26,-0.828,-0.63,2,1.04042491319653
1973-06-27,-0.898,-0.508,2,1.03173058498815
1973-06-28,-0.954,-0.212,2,0.977271712473046
1974-03-18,-1.26,-1.07,2,1.65302752548165
1974-03-19,-1.39,-1.024,2,1.72646343720335
1974-03-20,-1.528,-1.106,2,1.88627145448369
1974-03-21,-1.676,-1.268,2,2.1016184239771
1974-03-22,-1.848,-1.338,2,2.2815231754247
1974-03-23,-2.008,-1.16,2,2.31897908571854
1974-03-24,-2.138,-0.84,2,2.29709468677284
1974-03-25,-2.22,-0.468,2,2.26879351197944
1974-03-26,-2.26,-0.168,2,2.26623564529375
1974-03-27,-2.274,-0.122,2,2.27727029577079
1974-03-28,-2.302,-0.27,2,2.31777997230108
1974-03-29,-2.346,-0.484,2,2.39540643732958
1974-03-30,-2.422,-0.638,2,2.50462132866428
1974-03-31,-2.506,-0.716,2,2.60627934036243
1974-04-30,-0.042,-0.986,1,0.986894117927552
1974-05-03,-0.356,-0.892,1,0.960416576283438
1974-05-04,-0.492,-1.196,1,1.29324398316791
1974-05-05,-0.656,-1.35,1,1.50094503563588
1974-05-06,-0.826,-1.174,1,1.43546229487228
1974-05-07,-0.948,-0.774,2,1.22383822460324
1974-05-08,-1.026,-0.444,2,1.11794990943244
1974-05-09,-1.064,-0.11,2,1.06967097745054
1974-06-02,0.21,-1.054,8,1.07471670685814
1974-06-03,0.064,-1.168,8,1.16975211049179
1974-06-04,-0.084,-1.092,1,1.09522600407405
1974-06-05,-0.218,-1.064,1,1.08610312585868
1974-06-06,-0.36,-1.2,1,1.25283678106927
1974-06-07,-0.52,-1.236,1,1.34093101985151
1974-06-08,-0.666,-1.05,1,1.24340500240268
1974-06-09,-0.784,-0.834,1,1.14464492310935
1974-06-10,-0.874,-0.482,2,0.998098191562333
1975-03-31,-0.72,-0.666,2,0.98079355625942
1975-05-11,-0.838,-0.62,2,1.04242217934961
1975-05-12,-0.924,-0.712,2,1.16649903557611
1975-05-13,-1.014,-0.662,2,1.21096655610302
1975-05-14,-1.082,-0.35,2,1.13720007034822
1976-05-24,0.758,-0.652,7,0.999833986219712
1976-05-25,0.632,-1.286,8,1.43290613788901
1976-05-26,0.44,-1.63,8,1.68834238233837
1976-05-27,0.226,-1.686,8,1.70107965715895
1976-05-28,0.02,-1.464,8,1.46413660564853
1976-05-29,-0.144,-1.212,1,1.22052447742763
1976-05-30,-0.288,-0.992,1,1.03296079306041
1976-06-15,-0.808,-0.766,2,1.113382234455
1976-06-16,-0.884,-0.472,2,1.00211775755148
1976-06-17,-0.928,-0.214,2,0.952354975836216
1977-04-01,-1.286,-1.074,2,1.67549156965948
1977-04-02,-1.412,-0.886,2,1.66695530833913
1977-04-03,-1.508,-0.568,2,1.61142421478641
1977-04-04,-1.558,-0.23,2,1.57488539265561
1978-03-06,1.626,-1.854,8,2.46600729925927
1978-03-25,1.018,-0.004,7,1.01800785851584
1978-03-28,1.012,-0.122,7,1.01932722910751
1978-03-29,0.962,-0.604,7,1.13589612201116
1978-03-30,0.862,-0.876,8,1.22899145643898
1978-05-22,1.702,-0.216,7,1.71565147975922
1978-05-23,1.654,-0.524,7,1.73501930824991
1978-05-24,1.572,-0.7,7,1.72080911201679
1978-05-25,1.478,-0.776,7,1.66932920659767
1978-05-26,1.374,-0.88,7,1.63164824640607
1978-05-27,1.258,-0.898,7,1.54562867468225
1978-05-28,1.152,-0.742,7,1.37028026330382
1978-05-29,1.07,-0.564,7,1.20954371562172
1978-05-30,1.004,-0.514,7,1.12792375628852
1978-05-31,0.934,-0.61,7,1.11555188135738
1978-06-01,0.846,-0.754,7,1.13323960396732
1978-06-02,0.742,-0.85,8,1.12830137817872
1978-06-03,0.624,-1.038,8,1.211123445401
1978-06-04,0.472,-1.344,8,1.42447183194333
1978-06-05,0.286,-1.426,8,1.45439746974477
1978-06-06,0.108,-1.424,8,1.42808963304129
1978-06-07,-0.084,-1.574,1,1.57623982946758
1978-06-08,-0.29,-1.564,1,1.59065898293757
1978-06-09,-0.476,-1.31,1,1.3937991246948
1978-06-10,-0.622,-1.006,1,1.18275948527163
1978-06-11,-0.732,-0.65,2,0.978940243324382
1978-06-14,-0.894,-0.372,2,0.968307802302553
1978-06-15,-0.938,-0.398,2,1.01894455197523
1978-06-16,-0.996,-0.49,2,1.11000720718381
1978-06-17,-1.056,-0.392,2,1.1264102272263
1978-06-18,-1.088,-0.00800000000000001,2,1.08802941136717
1979-03-04,-0.018,-1.14,1,1.14014209640729
1979-03-05,-0.18,-1.238,1,1.25101718613295
1979-03-06,-0.32,-1.002,1,1.05185740478451
1979-03-23,1.06,-0.366,7,1.12140804348819
1979-03-24,0.97,-0.938,7,1.34934947289425
1979-03-25,0.838,-0.988,8,1.29552614794145
1979-04-19,1.29,-0.214,7,1.30762991706369
1979-05-18,1.06,-0.17,7,1.07354552767919
1979-05-19,1.026,-0.296,7,1.06784455797649
1979-05-20,0.984,-0.422,7,1.07067268574481
1979-05-21,0.92,-0.464,7,1.03038633531312
1979-05-22,0.868,-0.476,7,0.989949493661167
1979-05-26,0.614,-0.92,8,1.10607233036542
1979-05-27,0.458,-1.398,8,1.47111114467942
1979-05-28,0.268,-1.538,8,1.5611751983682
1979-05-29,0.068,-1.668,8,1.66938551569133
1979-05-30,-0.15,-1.632,1,1.63887888509188
1979-05-31,-0.334,-1.164,1,1.2109715108127
1979-06-30,1.782,-0.062,7,1.78307823720666
1980-03-07,-1.008,-1.004,2,1.42270165530233
1980-03-08,-1.104,-0.452,2,1.19294593339346
1980-05-11,0.152,-1.118,8,1.12828542488149
1980-05-12,0.01,-0.976,8,0.976051228163768
1980-05-28,0.202,-1.25,8,1.26621641120308
1980-05-29,0.038,-1.172,8,1.17261587913519
1980-06-26,0.542,-0.978,8,1.11814489222104
1980-06-27,0.392,-1.252,8,1.31193292511469
1980-06-28,0.232,-1.274,8,1.29495173655237
1980-06-29,0.078,-1.086,8,1.08879750183402
1981-03-10,2.318,-0.134,7,2.32186993606446
1981-03-11,2.262,-0.714,7,2.37201180435511
1981-03-12,2.136,-1.24,7,2.46983724160115
1981-03-13,1.952,-1.604,7,2.52648372248863
1981-03-14,1.734,-1.758,8,2.46927519729981
1981-03-15,1.504,-1.898,8,2.42165645788167
1981-03-16,1.254,-1.916,8,2.28988471325523
1981-03-17,1.024,-1.592,8,1.89289196733464
1981-03-18,0.846,-1.248,8,1.50772013318122
1981-03-19,0.696,-1.14,8,1.33567061807917
1981-03-20,0.552,-1.018,8,1.15802763352176
1981-03-21,0.432,-0.986,8,1.07648502079685
1981-03-22,0.296,-1.152,8,1.18942002673572
1981-03-23,0.144,-1.126,8,1.13517047177946
1981-06-22,0.678,-0.936,8,1.15575949055156
1981-06-23,0.538,-1.212,8,1.32604223160501
1981-06-24,0.378,-1.148,8,1.20863063009341
1981-06-25,0.244,-1.104,8,1.13064229533482
1981-06-26,0.09,-1.232,8,1.23528296353508
1981-06-27,-0.072,-1.4,1,1.4018502059778
1982-03-03,-0.114,-1.144,1,1.14966603846508
1982-03-04,-0.268,-1.244,1,1.27254076555527
1982-03-05,-0.432,-1.308,1,1.37749337566465
1982-03-06,-0.6,-1.274,1,1.40821731277527
1982-03-07,-0.758,-1.296,1,1.50139268680782
1982-03-08,-0.928,-1.266,1,1.56969423774186
1982-03-09,-1.072,-0.976,2,1.44974480512951
1982-03-10,-1.17,-0.546,2,1.29112973786525
1982-03-11,-1.208,-0.082,2,1.21077991393977
1982-04-07,0.526,-0.82,8,0.974205317168819
1982-05-04,0.698,-0.784,8,1.04969519385391
1982-05-05,0.578,-1.084,8,1.22847059386865
1982-05-06,0.43,-1.072,8,1.15502554084315
1982-05-08,0.196,-0.944,8,0.96413277093977
1982-05-09,0.068,-0.97,8,0.972380583927919
1982-06-05,1.474,-0.038,7,1.47448974224984
1982-06-20,1.308,-0.016,7,1.30809785566677
1982-06-22,1.328,-0.016,7,1.32809638204462
1983-03-01,3.524,-0.306,7,3.53726052192936
1983-03-13,2.894,-0.074,7,2.89494594077333
1983-04-01,2.874,-0.474,7,2.91282543246244
1983-04-02,2.78,-0.838,7,2.90355712876465
1983-04-03,2.67,-0.908,7,2.82017091680628
1983-04-04,2.552,-0.926,7,2.71480754382332
1983-04-05,2.44,-0.79,7,2.56470271181671
1983-04-06,2.352,-0.612,7,2.43031849764594
1983-04-07,2.274,-0.692,7,2.37696024367258
1983-04-08,2.166,-0.962,7,2.37002109695251
1983-04-09,2.024,-1.302,7,2.40661172605803
1983-04-10,1.832,-1.708,7,2.50469319478454
1983-04-11,1.6,-1.794,8,2.40383776490844
1983-04-22,1.39,-0.178,7,1.40135077692917
1983-04-23,1.32,-0.89,7,1.59201130649251
1983-04-24,1.172,-1.326,8,1.76970619030392
1983-05-17,1.498,-0.068,7,1.49954259692748
1983-05-29,1.72,-0.09,7,1.72235304162648
1983-06-18,2.116,-0.26,7,2.13191369431316
1983-06-26,1.66,-0.32,7,1.69056203672033
1984-03-26,-1.246,-1.246,2,1.76211009871688
1984-03-27,-1.39,-0.884,2,1.64728746732317
1984-03-28,-1.466,-0.38,2,1.51444907474633
1984-03-29,-1.496,-0.114,2,1.5003372954106
1984-03-30,-1.508,-0.13,2,1.5135930760941
1984-03-31,-1.542,-0.474,2,1.61320798411116
1985-03-21,1.018,-0.238,7,1.04545109880855
1985-03-22,0.974,-0.342,7,1.03229840646976
1985-03-23,0.936,-0.364,7,1.00428681162305
1985-03-24,0.878,-0.562,7,1.04246246934842
1985-03-25,0.794,-0.7,7,1.05850649502022
1985-03-26,0.702,-0.744,8,1.02290762046238
1985-03-27,0.602,-0.84,8,1.03344278990179
1985-03-28,0.482,-1.05,8,1.15534583567
1985-03-29,0.334,-1.228,8,1.27261148823983
1985-03-30,0.172,-1.292,8,1.30339863434024
1985-03-31,0.00600000000000001,-1.304,8,1.30401380360792
1985-05-11,0.026,-0.984,8,0.984343436001886
1985-06-21,1.082,-0.226,7,1.10535062310563
1985-06-22,1.044,-0.218,7,1.06651769793098
1985-06-23,1.026,-0.196,7,1.04455349312517
1985-06-24,0.982,-0.484,7,1.09479678479616
1985-06-25,0.902,-0.728,7,1.15913243419378
1985-06-26,0.798,-0.858,8,1.17173717189479
1986-05-06,0.968,-0.064,7,0.97011339543375
1986-05-07,0.938,-0.286,7,0.980632448983818
1986-05-10,0.822,-0.588,7,1.01065721191708
1986-05-11,0.732,-0.778,8,1.06822656772803
1986-05-12,0.622,-1.022,8,1.19639792711288
1986-05-13,0.468,-1.38,8,1.45719730990693
1986-05-14,0.274,-1.59,8,1.6134360848822
1986-05-15,0.07,-1.562,8,1.56356771519496
1986-05-16,-0.118,-1.342,1,1.34717779079081
1986-05-17,-0.268,-0.946,1,0.983229373035611
1986-05-30,-1.048,-1.034,2,1.47222960165865
1986-05-31,-1.168,-0.834,2,1.43519336676282
1986-06-01,-1.26,-0.606,2,1.39815449790071
1986-06-02,-1.324,-0.404,2,1.38426587041652
1986-06-03,-1.366,-0.33,2,1.4052956984208
1986-06-04,-1.41,-0.294,2,1.44032496333293
1986-06-05,-1.44,-0.204,2,1.45437821765867
1986-06-06,-1.464,-0.198,2,1.47732867026942
1986-06-07,-1.494,-0.3,2,1.52382282434672
1986-06-08,-1.538,-0.322,2,1.57134591990433
1986-06-09,-1.572,-0.242,2,1.59051815456473
1986-06-10,-1.596,-0.036,2,1.59640596340655
1987-03-02,1.622,-0.00799999999999999,7,1.62201972860998
1987-03-24,1.032,-0.524,7,1.15741090369842
1987-03-25,0.924,-1.096,8,1.43352432836
1987-04-09,0.512,-1.04,8,1.15919972394752
1987-04-10,0.352,-1.432,8,1.47462808870576
1987-04-11,0.158,-1.494,8,1.50233152133609
1987-04-12,-0.022,-1.334,1,1.3341813969622
1987-04-13,-0.18,-1.08,1,1.09489725545368
1987-05-06,-0.844,-0.782,2,1.15059115240819
1987-05-07,-0.914,-0.36,2,0.982342099270921
1987-06-11,0.99,-0.146,7,1.00070774954529
1987-06-20,1.01,-0.078,7,1.01300740372418
1987-06-21,0.978,-0.402,7,1.0573968034754
1987-06-22,0.908,-0.756,7,1.18152443901935
1987-06-23,0.792,-0.936,8,1.2261158183467
1988-03-02,2.518,-0.558,7,2.57908666004072
1988-03-03,2.384,-1.51,7,2.82197732095777
1988-03-04,2.148,-2.002,7,2.93630856689143
1988-03-05,1.89,-2,8,2.75174490096738
1988-03-06,1.644,-1.87,8,2.48990682556597
1988-03-07,1.412,-1.804,8,2.29088629137284
1988-03-08,1.178,-1.808,8,2.15790361230524
1988-03-09,0.94,-2.028,8,2.2352592690782
1988-03-10,0.652,-2.464,8,2.54880364092646
1988-03-11,0.314,-2.742,8,2.75992028870401
1988-03-12,-0.036,-2.614,1,2.61424788419155
1988-03-13,-0.342,-2.172,1,2.1987605599519
1988-03-14,-0.588,-1.69,1,1.78936972143825
1988-03-15,-0.772,-1.096,1,1.34059688198951
1988-03-16,-0.872,-0.562,2,1.0374140928289
1988-03-17,-0.924,-0.288,2,0.967842962468602
1988-03-18,-0.948,-0.078,2,0.951203448269612
1988-04-13,1.026,-0.094,7,1.03029704454589
1988-04-14,1.004,-0.28,7,1.04231281293094
1988-04-15,0.95,-0.596,7,1.12147938010469
1988-04-16,0.85,-0.994,8,1.30787461172698
1988-04-17,0.708,-1.056,8,1.27137720602503
1988-04-18,0.592,-0.758,8,0.961783759480269
1988-04-20,0.398,-0.88,8,0.965817788198167
1988-04-21,0.282,-0.912,8,0.954603582645697
1988-04-22,0.158,-1.188,8,1.19846067937167
1988-04-23,-0.02,-1.496,1,1.49613368386652
1988-04-24,-0.212,-1.518,1,1.53273220100577
1988-04-25,-0.394,-1.22,1,1.28204368100311
1988-05-17,1.068,-0.408,7,1.14327949338733
1988-05-18,0.99,-0.8,7,1.27283148923964
1988-05-19,0.868,-1.116,8,1.41381752712293
1988-06-05,0.382,-0.914,8,0.990615969990389
1988-06-06,0.264,-0.982,8,1.01686773967906
1988-06-07,0.132,-1.038,8,1.0463594028822
1988-06-08,0.002,-1.014,8,1.01400197238467
1988-06-21,-0.69,-0.686,2,0.972983041989941
1988-06-24,-0.876,-0.568,2,1.04403065089106
1988-06-25,-0.97,-0.798,2,1.25606687720041
1988-06-26,-1.072,-0.8,2,1.33760382774572
1988-06-27,-1.17,-0.736,2,1.3822431045225
1988-06-28,-1.264,-0.844,2,1.51987894254773
1988-06-29,-1.384,-0.898,2,1.649806049207
1988-06-30,-1.486,-0.698,2,1.64176734039875
1989-05-01,-0.452,-1.308,1,1.38389594984594
1989-05-02,-0.652,-1.714,1,1.83382114722238
1989-05-03,-0.878,-1.732,1,1.94183109461147
1989-05-04,-1.082,-1.406,1,1.77413640963709
1989-05-05,-1.226,-0.742,2,1.4330526857028
1989-06-28,-1.096,-1.026,2,1.50129677279344
1990-03-24,1.918,-0.32,7,1.94451124964604
1990-04-17,1.05,-0.14,7,1.05929221652951
1990-04-18,1.018,-0.39,7,1.090148613722
1990-04-19,0.954,-0.558,7,1.10520586317663
1990-04-20,0.88,-0.622,7,1.07762887860339
1990-04-21,0.794,-0.746,7,1.08947326722596
1990-04-22,0.688,-0.924,8,1.15200694442351
1990-04-23,0.558,-1.094,8,1.2280879447336
1990-04-24,0.408,-1.244,8,1.30919822792425
1990-04-25,0.24,-1.35,8,1.37116738584317
1990-04-26,0.064,-1.43,8,1.43143145138005
1990-04-27,-0.122,-1.406,1,1.411283104129
1990-04-28,-0.288,-1.132,1,1.16806164220901
1991-03-01,0.946,-0.298,7,0.991826597747812
1991-03-02,0.872,-0.82,7,1.19698955718085
1991-03-03,0.734,-1.356,8,1.541911800331
1991-03-04,0.528,-1.808,8,1.88352010873258
1991-03-05,0.288,-1.808,8,1.83079436311127
1991-03-06,0.078,-1.508,8,1.51001589395609
1991-03-07,-0.092,-1.108,1,1.1118129339057
1991-05-16,0.21,-1.122,8,1.14148324560635
1991-05-17,0.038,-1.574,8,1.57445863711944
1991-05-18,-0.178,-1.62,1,1.62974967402973
1991-05-19,-0.36,-1.224,1,1.27584325056019
1991-06-13,1.69,-0.624,7,1.80152046893728
1991-06-14,1.578,-1.106,7,1.92699766476247
1991-06-15,1.41,-1.546,8,2.09241869615046
1991-06-16,1.186,-1.896,8,2.23638368801062
1991-06-17,0.936,-1.944,8,2.15759866518312
1991-06-18,0.698,-1.8,8,1.93059679891996
1991-06-19,0.48,-1.538,8,1.61116231336262
1991-06-20,0.304,-1.27,8,1.30587748276781
1991-06-21,0.156,-0.964,8,0.976540833759654
1992-03-18,2.284,-0.202,7,2.29291517505554
1992-04-01,1.636,-0.142,7,1.64215102837711
1992-04-16,1.648,-0.0860000000000001,7,1.6502424064361
1992-04-17,1.572,-1.024,7,1.8761023426242
1992-04-18,1.404,-1.492,8,2.04872643366556
1992-04-29,0.822,-0.598,7,1.01650774714215
1992-04-30,0.736,-0.782,8,1.07388081275345
1992-05-01,0.62,-1.044,8,1.21422238490319
1992-05-02,0.474,-1.194,8,1.28464469796127
1992-05-03,0.322,-1.166,8,1.20964457589823
1992-05-04,0.178,-1.096,8,1.11036030188403
1993-03-15,0.976,-0.004,7,0.976008196686893
1993-04-12,1.424,-0.272,7,1.44974480512951
1993-04-25,1.462,-0.01,7,1.4620341993264
1993-05-02,1.55,-0.25,7,1.57003184681076
1993-05-22,1.018,-0.092,7,1.02214871716399
1993-05-30,1.46,-0.024,7,1.46019724694988
1993-06-10,1.236,-0.092,7,1.23941921882792
1993-06-21,0.994,-0.114,7,1.00051586694065
1994-03-01,1.03,-0.084,7,1.03341956629435
1994-03-02,0.992,-0.486,7,1.10465379191854
1994-03-03,0.908,-0.774,7,1.19312195520827
1994-03-04,0.794,-1.04,8,1.30844793553278
1994-03-05,0.638,-1.428,8,1.5640421989192
1994-03-06,0.43,-1.808,8,1.85843052062755
1994-03-07,0.184,-1.918,8,1.92680564665978
1994-03-08,-0.056,-1.818,1,1.81886228175747
1994-03-09,-0.286,-1.91,1,1.93129386681572
1994-03-10,-0.542,-1.986,1,2.05863061281037
1994-03-11,-0.782,-1.668,1,1.84221279986868
1994-03-12,-0.964,-1.232,1,1.5643273314751
1994-03-13,-1.094,-0.752,2,1.32753154388135
1994-03-14,-1.15,-0.0319999999999999,2,1.15044513124269
1994-05-30,-1.03,-0.9,2,1.36780846612382
1994-05-31,-1.122,-0.594,2,1.26953534807031
1994-06-01,-1.182,-0.274,2,1.21334249080793
1994-06-24,-1.504,-1.204,2,1.92655962793784
1995-03-12,2.258,-0.278,7,2.27504901046109
1995-03-13,2.192,-0.808,7,2.33617807540436
1995-03-14,2.056,-1.184,7,2.37254968335755
1995-03-15,1.904,-1.092,7,2.19492141089379
1995-03-16,1.778,-1.018,7,2.04880648183278
1995-03-17,1.634,-1.292,7,2.08307945119719
1995-03-18,1.454,-1.292,7,1.94509125749925
1995-03-19,1.306,-1.182,7,1.76146529911889
1995-03-20,1.144,-1.344,8,1.7649566566916
1995-03-24,0.658,-0.81,8,1.04358229191569
1995-04-08,0.994,-0.276,7,1.03160651413221
1995-05-06,1.14,-0.082,7,1.14294531802707
1995-05-10,1.1,-0.076,7,1.10262232881436
1995-05-11,1.088,-0.128,7,1.09550353719192
1995-05-12,1.068,-0.22,7,1.09042377083407
1995-05-13,1.032,-0.288,7,1.07143268570639
1995-05-14,0.992,-0.388,7,1.06517979702959
1995-05-15,0.93,-0.628,7,1.12217823896206
1995-05-16,0.836,-0.736,7,1.11381865669417
1995-05-17,0.742,-0.768,8,1.06788950739297
1995-06-06,1.476,-0.058,7,1.47713912682591
1995-06-14,1.19,-0.078,7,1.19255356273838
1995-06-21,1.062,-0.414,7,1.1398420943271
1995-06-22,0.974,-0.836,7,1.28357781221085
1995-06-23,0.862,-0.812,7,1.18422464085156
1995-06-24,0.762,-0.962,8,1.22722777022035
1996-03-11,0.46,-0.914,8,1.02322822478663
1996-03-12,0.3,-1.61,8,1.63771181836122
1996-03-13,0.05,-2.318,8,2.3185391952693
1996-03-14,-0.276,-2.58,1,2.59472079422816
1996-03-15,-0.59,-2.268,1,2.34348543840153
1996-03-16,-0.852,-1.854,1,2.04039702018994
1996-03-17,-1.064,-1.452,1,1.80011110768197
1996-03-18,-1.214,-0.762,2,1.4333317829449
1996-03-19,-1.262,-0.186,2,1.27563317611295
1996-04-14,-1.03,-0.914,2,1.37706063773532
1996-04-15,-1.126,-0.678,2,1.31436676768701
1996-04-16,-1.204,-0.476,2,1.29467833843005
1996-04-17,-1.244,-0.192,2,1.25872951820477
1996-05-20,-0.226,-0.976,1,1.00182433589926
1996-05-21,-0.36,-1.06,1,1.11946415753252
1996-05-22,-0.488,-0.888,1,1.01325613741048
1996-05-26,-0.79,-0.566,2,0.97183126107365
1996-05-27,-0.87,-0.634,2,1.07650174175428
1996-05-28,-0.952,-0.676,2,1.16759582047899
1996-05-29,-1.042,-0.67,2,1.23881556335074
1996-05-30,-1.12,-0.576,2,1.25943479386588
1996-05-31,-1.182,-0.284,2,1.21563974926785
1996-06-26,-0.102,-1.224,1,1.22824264703681
1997-03-20,2.9,-0.274,7,2.9129153781049
1997-04-17,1.75,-0.29,7,1.77386583483645
1997-04-18,1.686,-0.684,7,1.81946475645999
1997-04-19,1.574,-1.134,7,1.93995670054772
1997-04-20,1.404,-1.356,7,1.95190983398312
1997-04-21,1.236,-1.278,8,1.77791450863083
1997-04-25,0.744,-0.762,8,1.06497887302988
1997-05-12,1.394,-0.056,7,1.39512436721606
1997-06-03,2.522,-0.07,7,2.52297126420417
1997-06-10,2.294,-0.242,7,2.30672928624059
1997-06-11,2.24,-0.598,7,2.31844861922795
1997-06-12,2.138,-1.028,7,2.37230436495826
1997-06-13,1.976,-1.482,7,2.47
1997-06-14,1.766,-1.738,7,2.47778126556805
1997-06-15,1.538,-1.828,8,2.38893867648376
1998-03-02,2.246,-0.00399999999999998,7,2.24600356188498
1998-03-11,1.954,-0.086,7,1.9558916125389
1998-04-08,1.04,-0.198,7,1.05868031057539
1998-04-09,1.002,-0.374,7,1.06952325827913
1998-04-10,0.938,-0.698,7,1.16920827913593
1998-04-11,0.826,-0.926,8,1.24086743852839
1998-04-24,0.914,-0.39,7,0.99372833309713
1998-05-03,1.28,-0.312,7,1.31747637549977
1998-05-11,1.112,-0.148,7,1.12180568727387
1998-05-24,2.004,-0.428,7,2.04919496388216
1998-05-25,1.912,-1.04,7,2.17654404963465
1998-05-26,1.738,-1.694,7,2.4269899052118
1998-05-27,1.49,-2.026,8,2.5149107340023
1998-05-28,1.24,-1.724,8,2.12362331876442
1998-05-29,1.054,-1.29,8,1.66583792729065
1998-05-30,0.902,-1.076,8,1.40405840334368
1998-05-31,0.776,-0.858,8,1.15686645728883
1998-06-01,0.678,-0.752,8,1.01251567889095
1998-06-02,0.576,-0.914,8,1.08035734828806
1998-06-03,0.446,-1.018,8,1.11141351440407
1998-06-04,0.32,-0.994,8,1.0442394361448
1998-06-05,0.19,-1.074,8,1.09067685406815
1998-06-06,0.048,-1.074,8,1.07507209060602
1998-06-17,-1.356,-1.334,2,1.90218085365193
1998-06-18,-1.502,-0.954,2,1.77935943530249
1998-06-19,-1.6,-0.612,2,1.71305107921509
1998-06-20,-1.66,-0.356,2,1.69774438594271
1998-06-21,-1.69,-0.112,2,1.69370717658041
1999-06-24,-0.094,-0.99,1,0.994452613250124
2000-03-18,-2.066,-1.988,2,2.86714143355364
2000-03-19,-2.316,-1.68,2,2.86116339973795
2000-03-20,-2.478,-0.846,2,2.61843464688352
2000-03-21,-2.538,-0.268,2,2.55211049917514
2000-03-22,-2.558,-0.00199999999999996,2,2.55800078186071
2000-05-27,-0.988,-0.878,2,1.3217518677876
2000-05-28,-1.086,-0.65,2,1.2656603019768
2000-05-29,-1.154,-0.474,2,1.24755440763119
2000-05-30,-1.21,-0.422,2,1.28147727252574
2000-05-31,-1.26,-0.27,2,1.28860389569487
2000-06-14,-1.18,-1.178,2,1.66735838978907
2000-06-15,-1.302,-0.632,2,1.44728297164031
2000-06-16,-1.34,-0.042,2,1.34065804737823
2000-06-24,-1.31,-1.01,2,1.65414630550021
2000-06-25,-1.404,-0.44,2,1.47133136988239
2001-03-07,0.296,-1.054,8,1.09477486270009
2001-03-08,0.142,-1.322,8,1.32960445245945
2001-03-09,-0.038,-1.5,1,1.50048125613085
2001-03-10,-0.238,-1.662,1,1.67895443654675
2001-03-11,-0.454,-1.584,1,1.6477778976549
2001-03-12,-0.634,-1.272,1,1.4212459322721
2001-03-13,-0.776,-0.904,1,1.19138239033486
2001-03-14,-0.862,-0.446,2,0.970546237950568
2001-05-22,-0.15,-1.442,1,1.44978067306748
2001-05-23,-0.364,-1.86,1,1.89528256468528
2001-05-24,-0.618,-2.064,1,2.1545347525626
2001-05-25,-0.878,-1.856,1,2.05319750633007
2001-05-26,-1.088,-1.518,1,1.86763700969969
2001-05-27,-1.274,-1.416,1,1.90476560237736
2001-05-28,-1.45,-1.236,2,1.90530732429181
2001-05-29,-1.592,-1.062,2,1.91371575736837
2001-05-30,-1.732,-1.174,2,2.09239097684921
2001-05-31,-1.892,-1.222,2,2.25232058108965
2001-06-01,-2.034,-0.95,2,2.24491781586765
2001-06-02,-2.132,-0.656,2,2.23064116343261
2001-06-03,-2.2,-0.322,2,2.22343967761664
2002-03-15,0.214,-1.094,8,1.11473404900003
2002-03-16,0.062,-1.166,8,1.16764720699362
2002-03-17,-0.074,-0.97,1,0.972818585348779
2002-03-27,-0.088,-1.128,1,1.13142741702683
2002-03-28,-0.242,-1.324,1,1.34593461951166
2002-03-29,-0.414,-1.208,1,1.27697298326942
2002-03-30,-0.538,-0.794,1,0.959103748298379
2002-04-14,-0.992,-0.974,2,1.39023019676599
2002-04-15,-1.098,-0.672,2,1.28731814249625
2002-04-16,-1.16,-0.288,2,1.19521713508467
2002-04-17,-1.176,-0.04,2,1.17668007546656
2002-05-20,1.424,-0.196,7,1.43742547632912
2002-05-21,1.368,-0.664,7,1.5206314477874
2002-05-22,1.26,-0.95,7,1.57800506970035
2002-05-23,1.134,-1.058,7,1.55090941063622
2002-05-24,0.998,-0.976,7,1.39591547022017
2002-05-25,0.89,-0.73,7,1.15108644332213
2002-05-26,0.806,-0.658,7,1.04048065815756
2002-05-27,0.716,-0.692,7,0.995750972884285
2002-05-28,0.624,-0.77,8,0.991098380585903
2002-05-29,0.51,-1.088,8,1.20160059920092
2002-05-30,0.346,-1.398,8,1.44018054423742
2002-05-31,0.164,-1.316,8,1.32617947503345
2002-06-01,0.00599999999999999,-1.33,8,1.33001353376573
2002-06-02,-0.186,-1.636,1,1.64653940128987
2002-06-03,-0.41,-1.822,1,1.86756097624683
2002-06-04,-0.648,-1.892,1,1.99989199708384
2002-06-05,-0.892,-1.954,1,2.14797113574647
2002-06-06,-1.138,-1.786,1,2.11774408274466
2002-06-07,-1.34,-1.432,1,1.96117923709181
2002-06-08,-1.5,-1.026,2,1.81732660796017
2002-06-09,-1.6,-0.542,2,1.68930873436444
2002-06-10,-1.642,-0.132,2,1.64729718023191
2003-03-16,0.976,-0.452,7,1.0755835625371
2003-03-17,0.862,-1.316,8,1.57318148984788
2003-03-18,0.65,-1.846,8,1.95709376372212
2003-03-19,0.402,-2.012,8,2.05176704330682
2003-03-20,0.142,-1.968,8,1.97311631689569
2003-03-21,-0.092,-1.65,1,1.65256285810858
2003-04-13,-0.066,-1.23,1,1.2317694589492
2003-04-14,-0.25,-1.648,1,1.66685452274636
2003-04-15,-0.478,-1.832,1,1.89333251173691
2003-04-16,-0.712,-1.914,1,2.04214103332752
2003-04-17,-0.962,-1.87,1,2.10293699382554
2003-04-18,-1.178,-1.454,1,1.87130970178643
2003-04-19,-1.324,-0.772,2,1.53263172353961
2003-04-20,-1.38,-0.238,2,1.4003728075052
2003-06-02,-0.128,-1.192,1,1.19885278495735
2003-06-03,-0.31,-1.538,1,1.5689308461497
2003-06-04,-0.506,-1.428,1,1.51499834983408
2003-06-05,-0.662,-0.91,1,1.12531951018366
2004-03-02,-0.146,-1.592,1,1.59868070608236
2004-03-03,-0.366,-1.84,1,1.87604797380024
2004-03-04,-0.61,-1.794,1,1.89487097186062
2004-03-05,-0.82,-1.544,1,1.74823797007158
2004-03-06,-1.01,-1.51,1,1.81664525981271
2004-03-07,-1.196,-1.198,1,1.69281422489297
2004-03-08,-1.304,-0.554,2,1.41680344437752
2004-03-09,-1.34,-0.0439999999999999,2,1.3407221934465
2004-03-26,1.604,-0.096,7,1.60687024989574
2004-04-09,0.918,-0.458,7,1.02590837797534
2004-04-10,0.824,-0.932,8,1.24402572320672
2004-04-11,0.688,-1.152,8,1.34180773585488
2004-04-12,0.542,-1.042,8,1.17453309872477
2004-04-20,-0.278,-0.98,1,1.01866775741652
2004-04-21,-0.412,-1.072,1,1.14844590643182
2004-04-22,-0.558,-1.334,1,1.4460013831252
2004-04-23,-0.746,-1.46,1,1.63954749854952
2004-04-24,-0.906,-0.884,2,1.26581673239059
2004-04-25,-0.964,-0.07,2,0.966538152376822
2004-05-18,1.172,-0.322,7,1.2154291423197
2004-05-19,1.118,-0.556,7,1.24862324181476
2004-05-20,1.026,-0.916,7,1.37540248654712
2004-05-21,0.884,-1.27,8,1.54737067310971
2004-05-22,0.7,-1.628,8,1.77211286322288
2004-05-23,0.464,-2.048,8,2.09990475974507
2004-05-24,0.184,-2.204,8,2.21166724441088
2004-05-25,-0.092,-2.07,1,2.07204343583816
2004-05-26,-0.352,-2.118,1,2.14705100079155
2004-05-27,-0.63,-2.062,1,2.15609461758987
2004-05-28,-0.866,-1.66,1,1.87231300801976
2004-05-29,-1.056,-1.336,1,1.70294803209023
2004-05-30,-1.206,-0.958,2,1.54019479287524
2004-05-31,-1.29,-0.288,2,1.32175792034699
2004-06-21,0.162,-1.182,8,1.19304987322408
2004-06-22,0.01,-1.08,8,1.08004629530405
2005-03-07,2.41,-2.904,8,3.77376681844546
2005-03-08,2.02,-3.106,8,3.70508245522283
2005-03-09,1.63,-2.98,8,3.39666012429857
2005-03-10,1.262,-2.794,8,3.06579190422312
2005-03-11,0.92,-2.46,8,2.62640438622844
2005-03-12,0.628,-2.29,8,2.37454922037847
2005-03-13,0.33,-2.25,8,2.27407123898967
2005-03-14,0.058,-2.024,8,2.0248308571335
2005-03-15,-0.18,-1.636,1,1.64587241303814
2005-03-16,-0.35,-0.988,1,1.04816220118835
2005-03-31,-1.006,-0.998,2,1.4170532805791
2005-05-16,0.356,-0.89,8,0.958559335669942
2005-05-17,0.226,-1.166,8,1.18770029889699
2005-05-18,0.064,-1.28,8,1.28159900124805
2005-05-19,-0.096,-1.252,1,1.25567511721783
2005-05-20,-0.252,-1.074,1,1.10316816487787
2005-05-21,-0.376,-1.086,1,1.14924845007509
2005-05-22,-0.536,-1.366,1,1.46739633364678
2005-05-23,-0.72,-1.494,1,1.65844384891379
2005-05-24,-0.914,-1.554,1,1.80286216888591
2005-05-25,-1.114,-1.594,1,1.94469329201291
2005-05-26,-1.31,-1.302,2,1.84697157530916
2005-05-27,-1.434,-0.6,2,1.5544632514151
2005-06-23,-0.802,-0.652,2,1.03358986063138
2006-03-02,0.75,-0.766,8,1.07203358156356
2006-03-03,0.628,-1.158,8,1.31732607960216
2006-03-04,0.46,-1.414,8,1.48694182804843
2006-03-05,0.27,-1.602,8,1.62459348761467
2006-03-06,0.046,-2.01,8,2.01052629925599
2006-03-07,-0.24,-2.28,1,2.29259678094514
2006-03-08,-0.528,-2.244,1,2.30528089394763
2006-03-09,-0.812,-2.202,1,2.34694439644402
2006-03-10,-1.082,-1.91,1,2.19518199701073
2006-03-11,-1.29,-1.304,1,1.83426170433774
2006-03-12,-1.416,-0.728,2,1.59218089424537
2006-03-13,-1.482,-0.358,2,1.52462716753966
2006-03-14,-1.51,-0.052,2,1.5108950989397
2006-04-13,-1.236,-0.98,2,1.57736996294465
2006-04-14,-1.326,-0.494,2,1.41503074171553
2006-04-15,-1.368,-0.214,2,1.38463713658128
2006-05-17,0.7,-1.08,8,1.28701204345569
2006-05-18,0.518,-1.75,8,1.82505451973359
2006-05-19,0.268,-1.968,8,1.98616414226015
2006-05-20,0.028,-1.83,8,1.83021419511488
2006-05-21,-0.196,-1.642,1,1.65365655442719
2006-05-22,-0.382,-1.168,1,1.22888079161487
2006-06-07,-1.424,-1.066,2,1.77880071958609
2006-06-08,-1.54,-0.826,2,1.7475342628973
2006-06-09,-1.638,-0.706,2,1.78367037313513
2006-06-10,-1.714,-0.374,2,1.75432950154753
2007-04-11,0.234,-1.148,8,1.17160573573195
2007-04-12,0.07,-1.38,8,1.38177422178878
2007-04-13,-0.108,-1.27,1,1.27458385365577
2007-04-14,-0.25,-1.002,1,1.03271680532467
2007-04-15,-0.372,-0.958,1,1.0276906149226
2007-04-16,-0.5,-1.038,1,1.15214755999394
2007-04-17,-0.64,-1.17,1,1.33360413916574
2007-04-18,-0.8,-1.274,1,1.50435235234303
2007-04-19,-0.962,-1.196,1,1.53488110288713
2007-04-20,-1.102,-1.032,2,1.50977746704605
2007-04-21,-1.222,-0.748,2,1.43275538735682
2007-04-22,-1.292,-0.402,2,1.35309570984465
2007-04-23,-1.33,-0.254,2,1.35403692711831
2007-04-24,-1.358,-0.12,2,1.36329160490337
2007-05-20,-0.118,-1.532,1,1.53653766631346
2007-05-21,-0.326,-1.708,1,1.73883294194698
2007-05-22,-0.542,-1.636,1,1.72344422596149
2007-05-23,-0.732,-1.262,1,1.4589270029717
2007-05-24,-0.858,-0.678,2,1.09354835284042
2008-04-02,-1.058,-0.818,2,1.33734363571971
2008-04-03,-1.126,-0.164,2,1.13788048581562
2008-04-10,-1.528,-1.308,2,2.01137962602787
2008-04-11,-1.686,-1.268,2,2.10960185817135
2008-04-12,-1.85,-1.164,2,2.1857255088414
2008-04-13,-1.972,-0.738,2,2.10557070648316
2008-04-14,-2.032,-0.13,2,2.03615421812789
2008-05-18,0.048,-1.196,8,1.19696282314866
2008-05-19,-0.122,-1.45,1,1.45512336246794
2008-05-20,-0.316,-1.492,1,1.52509671824445
2008-05-21,-0.494,-1.28,1,1.37201895030645
2008-05-22,-0.638,-0.91,1,1.11137032531915
2008-05-24,-0.798,-0.516,2,0.950294691135334
2008-05-25,-0.868,-0.608,2,1.05975846304712
2008-05-26,-0.952,-0.686,2,1.17341382299681
2008-05-27,-1.036,-0.544,2,1.17014187174035
2008-05-28,-1.092,-0.454,2,1.1826157448639
2008-05-29,-1.152,-0.394,2,1.21751386029072
2008-05-30,-1.182,-0.012,2,1.18206091213609
2009-03-27,-0.814,-0.69,2,1.06709699652843
2009-03-28,-0.894,-0.58,2,1.06566223541984
2009-03-29,-0.958,-0.374,2,1.02841625813675
2009-03-30,-0.988,-0.106,2,0.993669965330542
2010-03-04,0.824,-1.016,8,1.30814066521915
2010-03-11,0.488,-0.866,8,0.994032192637643
2010-03-12,0.336,-1.37,8,1.41060129023052
2010-03-13,0.15,-1.49,8,1.49753130184314
2010-03-14,-0.04,-1.482,1,1.48253971279018
2010-03-15,-0.226,-1.378,1,1.39640968200597
2010-03-16,-0.388,-1.122,1,1.18719332882223
2010-03-17,-0.514,-0.882,1,1.02084278907185
2010-03-18,-0.618,-0.796,1,1.00774004584516
2010-03-19,-0.716,-0.68,2,0.987449239201692
2010-03-20,-0.79,-0.552,2,0.963744779492994
2010-04-20,1.004,-0.496,7,1.11983570223493
2010-04-21,0.9,-1.088,8,1.412
2010-04-22,0.734,-1.412,8,1.59138304628396
2010-04-23,0.548,-1.514,8,1.61012421881046
2010-04-24,0.362,-1.218,8,1.27065652321939
2010-04-30,-0.136,-1.326,1,1.33295611330606
2010-05-01,-0.328,-1.516,1,1.55107704515282
2010-05-02,-0.516,-1.512,1,1.59762323468332
2010-05-03,-0.712,-1.502,1,1.66221177952751
2010-05-04,-0.89,-1.27,1,1.55080624192708
2010-05-05,-1.018,-0.558,2,1.16089965113269
2010-05-28,0.436,-1.156,8,1.23548856732873
2010-05-29,0.274,-1.334,8,1.36184874343666
2010-05-30,0.1,-1.384,8,1.3876080138137
2010-05-31,-0.074,-1.258,1,1.26017459107855
2010-06-01,-0.22,-1.074,1,1.09630105354323
2010-06-02,-0.352,-0.962,1,1.02437688376886
2010-06-04,-0.564,-0.768,1,0.952848361493055
2010-06-05,-0.66,-0.688,1,0.953385546355723
2010-06-19,-1.864,-1.66,2,2.49601602558958
2010-06-20,-2.068,-1.406,2,2.5006919042537
2010-06-21,-2.212,-0.794,2,2.3501872265843
2010-06-22,-2.266,-0.0119999999999999,2,2.26603177382843
2011-03-14,-1.042,-0.974,2,1.42633796836514
2011-03-15,-1.13,-0.452,2,1.2170472464124
2011-03-16,-1.168,-0.274,2,1.19970829787911
2011-03-17,-1.208,-0.354,2,1.25880101684103
2011-03-18,-1.252,-0.246,2,1.27593887000906
2011-05-18,0.538,-1.188,8,1.30414263023643
2011-05-19,0.36,-1.566,8,1.60684660126597
2011-05-20,0.152,-1.582,8,1.58928537399675
2011-05-21,-0.038,-1.47,1,1.47049107443738
2011-05-22,-0.222,-1.382,1,1.39971711427702
2011-05-23,-0.378,-0.956,1,1.02801750957851
2011-06-06,0.606,-1.06,8,1.22099795249624
2011-06-07,0.428,-1.614,8,1.66978441722277
2011-06-08,0.206,-1.792,8,1.80380154119016
2011-06-09,-0.016,-1.594,1,1.59408029910667
2011-06-10,-0.192,-1.146,1,1.16197246094733
2011-06-21,-1.082,-1.058,2,1.51330367078125
2011-06-22,-1.206,-0.816,2,1.45612224761522
2011-06-23,-1.286,-0.43,2,1.35598525065725
2011-06-24,-1.314,-0.03,2,1.3143424211369
2012-03-20,0.168,-0.98,8,0.994295730655623
2012-04-02,-0.026,-0.962,1,0.962351287212731
2012-04-03,-0.178,-1.248,1,1.26063000122954
2012-04-04,-0.332,-1.134,1,1.18160060934311
2012-04-05,-0.472,-1.25,1,1.3361452016903
2012-04-06,-0.65,-1.374,1,1.51999210524266
2012-04-07,-0.814,-1.26,1,1.50006533191058
2012-04-08,-0.97,-1.206,1,1.54768730691959
2012-04-09,-1.112,-0.91,2,1.43688691273879
2012-04-10,-1.192,-0.246,2,1.21711955041401
2012-06-21,-1.628,-1.588,2,2.27423129870293
2012-06-22,-1.814,-1.342,2,2.25644853697132
2012-06-23,-1.96,-0.786,2,2.11172820220785
2012-06-24,-2.014,-0.204,2,2.02430531294071
2012-06-25,-2.026,-0.012,2,2.02603553769424
2013-03-09,1.576,-0.264,7,1.59795869783922
2013-03-10,1.518,-0.592,7,1.62935201844169
2013-03-11,1.426,-0.854,7,1.66216485343663
2013-03-12,1.304,-1.052,7,1.67544620922308
2013-03-13,1.172,-0.936,7,1.49989332954047
2013-03-14,1.08,-0.384,7,1.14623557788092
2013-03-15,1.066,-0.098,7,1.07049521250681
2013-03-16,1.044,-0.156,7,1.05559082981996
2013-03-17,1.028,-0.026,7,1.02832874121071
2013-03-18,1.024,-0.21,7,1.0453114368455
2013-03-19,0.962,-0.828,7,1.26926277815116
2013-03-20,0.83,-0.99,8,1.29189782877749
2013-03-31,1.004,-0.134,7,1.01290275939993
2013-04-03,0.974,-0.05,7,0.975282523169569
2013-04-04,0.934,-0.498,7,1.05847059477342
2013-04-05,0.856,-0.654,7,1.07724277672213
2013-04-06,0.77,-0.728,7,1.05966221032931
2013-04-07,0.662,-1.092,8,1.27699177757729
2013-05-25,-0.032,-1.036,1,1.03649409067298
2013-05-26,-0.19,-1.35,1,1.36330480817754
2013-05-27,-0.376,-1.526,1,1.57163990786694
2013-05-28,-0.582,-1.722,1,1.81769304339319
2013-05-29,-0.818,-2.004,1,2.16451842219003
2013-05-30,-1.084,-1.978,1,2.25555758073253
2013-05-31,-1.312,-1.636,1,2.09710276333803
2013-06-01,-1.498,-1.256,2,1.95487595514396
2013-06-02,-1.626,-0.694,2,1.767911762504
2013-06-03,-1.672,-0.046,2,1.67263265542677
2013-06-25,0.098,-1.014,8,1.0187246929372
2013-06-26,-0.054,-1.334,1,1.33509250615828
2014-03-02,1.21,-0.366,7,1.26414239704236
2014-03-03,1.126,-0.854,7,1.41322043574242
2014-03-04,1.006,-0.96,7,1.39055240821768
2014-03-05,0.892,-0.822,7,1.21299134374488
2014-03-06,0.794,-0.728,7,1.07722792388612
2014-03-07,0.702,-0.662,7,0.964908285797153
2014-03-09,0.51,-1.054,8,1.17090392432513
2014-03-10,0.348,-1.404,8,1.4464853957092
2014-03-11,0.154,-1.674,8,1.68106870769758
2014-03-12,-0.076,-1.824,1,1.82558264671858
2014-03-13,-0.31,-1.856,1,1.88171092360118
2014-03-14,-0.546,-1.746,1,1.82938022291704
2014-03-15,-0.752,-1.502,1,1.67973450283073
2014-03-16,-0.926,-1.174,1,1.49524312404371
2014-03-17,-1.046,-0.704,2,1.26084574790099
2014-03-18,-1.1,-0.0919999999999999,2,1.10384056819814
2014-04-12,-1.3,-0.97,2,1.62200493217499
2014-04-13,-1.404,-0.628,2,1.53805071437843
2014-04-14,-1.46,-0.272,2,1.48512087050179
2014-05-10,-0.038,-1.216,1,1.21659360511224
2014-05-11,-0.204,-1.336,1,1.35148510905596
2014-05-12,-0.366,-1.082,1,1.14222589709742
2014-05-22,0.074,-0.952,8,0.954871719132994
2014-05-23,-0.072,-1.27,1,1.27203930756876
2014-05-24,-0.232,-1.094,1,1.11832911077196
2014-05-26,-0.456,-0.89,1,1.000017999838
2014-05-27,-0.574,-0.882,1,1.0523307464861
2014-05-28,-0.676,-0.696,1,0.970253575102921
2015-03-27,0.286,-0.992,8,1.03240495930618
2015-03-28,0.146,-1.266,8,1.27439083486974
2015-03-29,-0.036,-1.544,1,1.54441963209485
2015-03-30,-0.242,-1.72,1,1.73694098921063
2015-03-31,-0.464,-1.586,1,1.65248055964359
2015-04-20,-1.59,-0.904,2,1.82902050289219
2015-04-21,-1.656,-0.026,2,1.65620409370343
2015-05-19,0.72,-0.65,7,0.97
2015-05-20,0.628,-0.758,8,0.984351563213063
2015-05-21,0.524,-0.906,8,1.04661931952358
2015-05-22,0.398,-1.002,8,1.07815026781984
2015-05-25,0.03,-1.2,8,1.20037494142455
2015-05-26,-0.134,-1.248,1,1.25517329480833
2015-05-27,-0.284,-1.12,1,1.15544623414506
2015-05-28,-0.42,-1.054,1,1.13459948880651
2015-05-29,-0.548,-0.842,1,1.00462331249081
2015-06-09,-0.858,-0.688,2,1.09977634089846
2015-06-10,-0.93,-0.464,2,1.03932478080723
2015-06-11,-0.974,-0.156,2,0.98641370631191
2016-03-06,2.346,-0.504,7,2.39952745347912
2016-03-13,1.84,-0.022,7,1.84013151703893
2016-03-16,1.884,-0.016,7,1.88406793932703
2016-03-20,1.93,-0.072,7,1.93134253823603
2016-03-28,1.906,-0.252,7,1.92258679908086
2016-03-29,1.836,-0.762,7,1.98784808272665
2016-03-30,1.718,-1.04,7,2.00826392687814
2016-03-31,1.576,-1.122,7,1.93459556496959
2016-05-23,1.766,-0.126,7,1.77048919793372
2016-05-24,1.704,-0.708,7,1.84523169276923
2016-05-25,1.594,-0.994,7,1.87852921191021
2016-05-26,1.46,-1.012,7,1.77644138659287
2016-05-27,1.342,-0.852,7,1.58961253140506
2016-05-28,1.238,-0.872,7,1.51427474389557
2016-05-29,1.12,-0.904,7,1.43931094625171
2016-05-30,1.01,-0.888,7,1.34485835685398
2016-05-31,0.892,-0.956,8,1.30751673029449
2016-06-06,0.34,-1.224,8,1.27034483507432
2016-06-07,0.156,-1.716,8,1.72307631868121
2016-06-08,-0.102,-2.302,1,2.30425866603556
2016-06-09,-0.418,-2.492,1,2.52681380398319
2016-06-10,-0.718,-2.138,1,2.25534210265317
2016-06-11,-0.954,-1.578,1,1.84396312327552
2016-06-12,-1.116,-0.874,2,1.41750908286332
2016-06-13,-1.182,-0.248,2,1.20773672627771
2016-06-14,-1.2,-0.246,2,1.22495550939616
2016-06-15,-1.254,-0.46,2,1.33570805193351
2016-06-16,-1.308,-0.272,2,1.33598203580737
2016-06-17,-1.326,-0.182,2,1.33843191832831
2016-06-18,-1.36,-0.318,2,1.39668321390357
